,x,level,slope,curvature
x,0.269863620083304,0.7432300606168578,3.4844804974671226,3.216152954187256
level,-0.07418549205337019,0.9009289724251124,-0.13945172667677097,0.02269916857029708
slope,0.011665472259010393,0.01150811294299628,0.40994000811561404,0.43421634352831395
curvature,0.0035810665871785136,0.003002766758668076,-0.04350138206446972,0.30632369552253286
