,x,level,slope,curvature
x,-0.03549583648389415,0.7432300606168578,3.4844804974671226,3.216152954187256
level,0.05936968880054344,0.9009289724251124,-0.13945172667677097,0.02269916857029708
slope,0.01137098317479675,0.01150811294299628,0.40994000811561404,0.43421634352831395
curvature,0.004975526467153268,0.003002766758668076,-0.04350138206446972,0.30632369552253286
