,x,level,slope,curvature
x,0.05987715784266431,-0.0027631283398925704,-0.0005877890011082563,-8.54556501575091e-05
level,-0.0027631283398925704,0.0012085104856600919,-2.664764810388842e-06,1.2618150610159738e-05
slope,-0.0005877890011082563,-2.664764810388842e-06,0.00019467132338854624,3.2538745624442656e-07
curvature,-8.54556501575091e-05,1.2618150610159738e-05,3.2538745624442656e-07,2.417727936771354e-05
